,value/0/#text,value/0/@_name,value/1/#text,value/1/@_name,value/2/#text,value/2/@_name,value/3/#text,value/3/@_name,value/4/#text,value/4/@_name,value/5/#text,value/5/@_name
5,25431,id,34533,id_1,34534,id_2,Вертолет с 11 иностранцами на борту упал в Пакистане,text_1,В Пакистане упал вертолет с 11 иностранцами,text_2,1,class
6,25432,id,34535,id_1,34536,id_2,Самолет вернулся в аэропорт Новосибирска из-за стука в салоне,text_1,Самолет вернулся в новосибирский аэропорт из-за таинственного стука,text_2,1,class
9,25443,id,34556,id_1,34557,id_2,Суд оправдал Васильеву в хищении акций на два миллиарда рублей,text_1,Суд оправдал Васильеву в хищении акций на 2 млрд рублей,text_2,1,class
10,25447,id,34560,id_1,34561,id_2,Пушков: у Обамы не хватило духа лично поздравить наш народ с Победой,text_1,Пушков: Обама не нашел в себе духа лично поздравить россиян с Победой,text_2,1,class
11,25448,id,34562,id_1,34563,id_2,МЧС РФ: тела погибших российских дипломатов доставят из Непала 11 мая,text_1,Тела погибших в Непале российских дипломатов доставят на родину 11 мая,text_2,1,class
12,25451,id,34565,id_1,34566,id_2,Девять самолетов ВВС разгонят облака над Москвой в День Победы,text_1,Облака над Москвой в День Победы разгонят девять самолетов,text_2,1,class
14,25457,id,34549,id_1,34569,id_2,Следственный комитет сообщил о взломе своего сайта,text_1,В СКР сообщили о взломе хакерами сайта ведомства,text_2,1,class
16,25462,id,34574,id_1,34575,id_2,Консерваторы претендуют на большинство в парламенте Британии,text_1,Консерваторы получили большинство мест в британском парламенте,text_2,1,class
18,25469,id,34579,id_1,34580,id_2,Песков: Путин и Кастро не обсуждали вопрос о военных базах РФ на Кубе,text_1,Песков: Путин и Кастро не говорили о базах на Кубе,text_2,1,class
19,25471,id,34582,id_1,34583,id_2,Лавров выразил соболезнования в связи с гибелью дипломатов РФ в Непале,text_1,"Лавров выразил соболезнования родственникам дипломатов, погибших в Непале",text_2,1,class
23,25485,id,34600,id_1,34599,id_2,Евгения Васильева приговорена к пяти годам общего режима,text_1,Евгения Васильева приговорена к пяти годам колонии общего режима,text_2,1,class
28,25493,id,34608,id_1,34607,id_2,СМИ: Лавров и Керри могут встретиться в Сочи 12 мая,text_1,Лавров заявил о готовности встретиться с Керри в Сочи,text_2,1,class
29,25497,id,34584,id_1,34612,id_2,9 мая метрополитен Петербурга будет работать круглосуточно,text_1,Петербургское метро в ночь на 10 мая будет работать круглосуточно,text_2,1,class
35,25507,id,34626,id_1,34627,id_2,Главой ГУМЧС России по Москве назначен генерал-майор Денисов,text_1,Главой ГУМЧС по Москве назначен генерал-майор Илья Денисов,text_2,1,class
36,25508,id,34628,id_1,34629,id_2,СК: против принимавшего участие в убийствах в Хатыне возбуждено дело,text_1,СК России возбудил дело против убийцы жителей Хатыни Катрюка,text_2,1,class
42,25516,id,34638,id_1,34639,id_2,Apple получила патент на социальную сеть,text_1,Apple получила патент на собственную соцсеть,text_2,1,class
43,25518,id,34642,id_1,34643,id_2,"Подвесной потолок обрушился в аэропорту Стамбула, есть раненые",text_1,Четверо пострадали при обрушении подвесного потолка в аэропорту Стамбула,text_2,1,class
45,25520,id,34646,id_1,34647,id_2,Генсек ООН и премьер Украины обсудили минские договоренности,text_1,Генсек ООН и премьер-министр Украины обсудили минские договоренности,text_2,1,class
55,25531,id,34662,id_1,34663,id_2,Самолеты коалиции начали бомбардировку йеменской провинции Саада,text_1,Самолеты Арабской коалиции начали бомбить йеменскую провинцию Саада,text_2,1,class
65,25541,id,34675,id_1,34676,id_2,Четыре человека погибли при крушении легкомоторного самолета в США,text_1,В США 4 человека погибли при крушении легкомоторного самолета,text_2,1,class
67,25543,id,34678,id_1,34679,id_2,КНДР заявила о проведении подводного запуска баллистической ракеты,text_1,КНДР провела испытательный подводный пуск баллистической ракеты,text_2,1,class
69,25545,id,34678,id_1,34680,id_2,КНДР заявила о проведении подводного запуска баллистической ракеты,text_1,КНДР сообщила о пробном запуске баллистической ракеты с подлодки,text_2,1,class
73,25551,id,34683,id_1,34684,id_2,Около 40 китов погибли у берегов Чили,text_1,Около 40 китов выбросились на берег на юге Чили,text_2,1,class
76,25555,id,34691,id_1,34692,id_2,Пентагон: США считают вероятным приобретение Китаем у России Су-35,text_1,В Пентагоне сочли вероятным приобретение Китаем истребителей Су-35,text_2,1,class
78,25557,id,34695,id_1,34696,id_2,СМИ: скончался бас-гитарист группы ABBA,text_1,В Швеции скончался бас-гитарист группы ABBA,text_2,1,class
79,25558,id,34697,id_1,34696,id_2,СМИ: скончался бас-гитарист группы ABBA,text_1,В Швеции скончался бас-гитарист группы ABBA,text_2,1,class
80,25559,id,34698,id_1,34699,id_2,"""Врачи без границ"": Либерия стала страной, свободной от вируса Эбола",text_1,Либерия признана свободной от лихорадки Эбола территорией,text_2,1,class
82,25561,id,34686,id_1,34702,id_2,Принц Чарльз: Внучка будет заботиться обо мне,text_1,Принц Чарльз выразил надежду на заботу со стороны внучки в старости,text_2,1,class
83,25562,id,34685,id_1,34702,id_2,"Принц Чарльз надеется, что внучка будет заботиться о нем в старости",text_1,Принц Чарльз выразил надежду на заботу со стороны внучки в старости,text_2,1,class
88,25568,id,34690,id_1,34710,id_2,У Деми Мур похитили одежду на 200 тысяч долларов,text_1,У Деми Мур украли одежду на 200 тысяч долларов,text_2,1,class
97,25580,id,34726,id_1,34723,id_2,Боевики-маоисты взяли в заложники 200 человек в одном из штатов Индии,text_1,В Индии боевики-маоисты захватили 200 человек,text_2,1,class
104,25588,id,34736,id_1,34737,id_2,"Танк ""Армата"" прошел по Красной площади",text_1,Танк «Армата» проехал по Красной площади,text_2,1,class
108,25592,id,34742,id_1,34743,id_2,Хоккеисты сборной России возложили цветы к мемориалу в Чехии,text_1,Российские хоккеисты возложили цветы к мемориалу в Чехии,text_2,1,class
113,25598,id,34749,id_1,34750,id_2,Греф: Сбербанк с 15 мая снизит ставки по кредитам и депозитам,text_1,Сбербанк снизит ставки по кредитам и депозитам с 15 мая,text_2,1,class
117,25602,id,34755,id_1,34756,id_2,Стивен Сигал посетил парад Победы в Москве,text_1,Стивен Сигал посетил военный парад в честь 70-летия Победы в Москве,text_2,1,class
125,25610,id,34763,id_1,34764,id_2,МВД ДНР: праздничные мероприятия в Донецке проходят без происшествий,text_1,Праздничные мероприятия в Донецке прошли без происшествий,text_2,1,class
127,25612,id,34766,id_1,34767,id_2,"Около 15 тысяч человек пришли поклониться ""Воину-освободителю"" в ФРГ",text_1,Около 15 тысяч человек пришли к памятнику Воину-освободителю в Берлине,text_2,1,class
128,25613,id,34768,id_1,34769,id_2,Суд приговорил экс-президента Египта Хосни Мубарака к 3 годам тюрьмы,text_1,Мубарака приговорили к трем годам тюрьмы за хищения,text_2,1,class
129,25614,id,34750,id_1,34770,id_2,Сбербанк снизит ставки по кредитам и депозитам с 15 мая,text_1,Сбербанк c 15 мая снизит ставки по кредитам и депозитам,text_2,1,class
130,25615,id,34751,id_1,34770,id_2,Сбербанк на следующей неделе снизит ставки по кредитам и депозитам,text_1,Сбербанк c 15 мая снизит ставки по кредитам и депозитам,text_2,1,class
131,25616,id,34749,id_1,34770,id_2,Греф: Сбербанк с 15 мая снизит ставки по кредитам и депозитам,text_1,Сбербанк c 15 мая снизит ставки по кредитам и депозитам,text_2,1,class
132,25617,id,34768,id_1,34771,id_2,Суд приговорил экс-президента Египта Хосни Мубарака к 3 годам тюрьмы,text_1,Экс-президента Египта Мубарака приговорили к 3 годам тюрьмы,text_2,1,class
154,25642,id,34801,id_1,34802,id_2,Сборная России по хоккею разгромила белорусов в матче ЧМ в Чехии,text_1,Сборная России забросила семь безответных шайб белорусам на ЧМ,text_2,1,class
155,25643,id,34787,id_1,34803,id_2,Военно-транспортный самолет упал на завод Coca-Cola в Испании,text_1,В Испании военный самолет упал на завод Coca-Cola,text_2,1,class
156,25644,id,34788,id_1,34803,id_2,Военный самолет упал на завод Coca-Cola в испанской Севилье,text_1,В Испании военный самолет упал на завод Coca-Cola,text_2,1,class
161,25649,id,34780,id_1,34808,id_2,Депутат львовского облсовета сорвал с пенсионера георгиевскую ленточку,text_1,Львовский депутат сорвал георгиевскую ленточку с пенсионера,text_2,1,class
164,25654,id,34816,id_1,34817,id_2,Супруга Михаэля Шумахера продала личный самолет стоимостью 34 млн евро,text_1,Жена Шумахера продала личный самолет гонщика,text_2,1,class
168,25658,id,34822,id_1,34823,id_2,"МВД: в акции ""Бессмертный полк"" в Москве участвуют 400 тысяч человек",text_1,"Более 400 тысяч москвичей приняли участие в марше ""Бессмертный полк""",text_2,1,class
170,25661,id,34826,id_1,34825,id_2,"Рогозин: очередь на покупку ЗРПК ""Панцирь"" сформирована до 2019 года",text_1,За российскими комплексами «Панцирь» выстроилась очередь до 2019 года,text_2,1,class
172,25663,id,34829,id_1,34830,id_2,МВД: более 8 миллионов человек отмечают День Победы по всей России,text_1,День Победы в России отметили более восьми миллионов человек,text_2,1,class
182,25673,id,34837,id_1,34838,id_2,"Земан считает, что антироссийские санкции могут отменить до конца года",text_1,Президент Чехии допустил отмену антироссийских санкций до конца года,text_2,1,class
183,25674,id,34839,id_1,34838,id_2,Президент Чехии: Санкции против России могут быть сняты в этом году,text_1,Президент Чехии допустил отмену антироссийских санкций до конца года,text_2,1,class
184,25675,id,34840,id_1,34841,id_2,"Рогозин рассчитывает, что пуск с ""Восточного"" состоится в декабре",text_1,"Рогозин: Надеюсь, что пуск с Восточного состоится в декабре",text_2,1,class
186,25678,id,34842,id_1,34846,id_2,"Мэр Москвы Собянин заработал более 7,2 миллиона рублей за 2014 год",text_1,"Мэр Москвы Сергей Собянин заработал за год 7,2 млн рублей",text_2,1,class
187,25679,id,34847,id_1,34848,id_2,Путин посоветовал Лаврову и Земану бросить курить,text_1,Путин посоветовал Земану и Лаврову бросить курить,text_2,1,class
195,25687,id,34858,id_1,34857,id_2,"В шествии ""Бессмертного полка"" участвовали 12 миллионов россиян",text_1,В акции «Бессмертный полк» участвовали 12 миллионов россиян,text_2,1,class
200,25693,id,34861,id_1,34862,id_2,МВД: около 20 миллионов россиян приняли участие в торжествах 9 мая,text_1,МВД: В торжествах на День Победы участвовали 20 миллионов россиян,text_2,1,class
205,25699,id,34865,id_1,34866,id_2,Легенда футбола Пеле покинул больницу после операции,text_1,Футболист Пеле после успешной операции выписан из больницы,text_2,1,class
211,25706,id,34873,id_1,34874,id_2,ЮНИСЕФ: Непалу угрожает холера из-за антисанитарии после землетрясения,text_1,ЮНИСЕФ предупредил об угрозе холеры после землетрясения в Непале,text_2,1,class
216,25712,id,34883,id_1,34884,id_2,"Двоих полицейских убили в штате Миссисипи, подозреваемого разыскивают",text_1,Неизвестный застрелил двух полицейских в штате Миссисипи,text_2,1,class
218,25714,id,34887,id_1,34888,id_2,Снегопад оставил без света 35 тысяч южноуральцев,text_1,Снегопад в Челябинской области оставил без света 35 тысяч жителей,text_2,1,class
219,25715,id,34889,id_1,34890,id_2,Пассажирский самолет выехал за пределы взлетно-посадочной полосы в КНР,text_1,Самолет выехал за пределы взлетно-посадочной полосы в Китае,text_2,1,class
220,25718,id,34895,id_1,34896,id_2,СМИ: несколько человек погибли при стрельбе в Швейцарии,text_1,В результате стрельбы в Швейцарии погибли несколько человек,text_2,1,class
222,25722,id,34865,id_1,34900,id_2,Легенда футбола Пеле покинул больницу после операции,text_1,Пеле выписали из больницы,text_2,1,class
229,25729,id,34909,id_1,34910,id_2,Меркель приехала в Москву,text_1,Канцлер ФРГ Ангела Меркель прибыла в Москву,text_2,1,class
231,25733,id,34909,id_1,34914,id_2,Меркель приехала в Москву,text_1,Ангела Меркель прибыла в Москву,text_2,1,class
235,25739,id,34921,id_1,34922,id_2,СМИ: АНБ следило за Siemens из-за предполагаемых связей с РФ,text_1,СМИ сообщили о слежке АНБ за Siemens из-за возможных связей с ФСО России,text_2,1,class
237,25741,id,34925,id_1,34926,id_2,Самолет Lufthansa вернулся в аэропорт Стамбула из-за угрозы взрыва,text_1,Самолет Lufthansa вернулся в Стамбул из-за угрозы теракта,text_2,1,class
243,25747,id,34935,id_1,34936,id_2,Путин: Германия стала первой жертвой нацистского режима,text_1,Путин назвал Германию первой жертвой нацистского режима,text_2,1,class
244,25748,id,34937,id_1,34938,id_2,СМИ: пожар в аэропорту Рима мог начаться с портативного кондиционера,text_1,Пожар в аэропорту Рима мог начаться с кондиционера,text_2,1,class
247,25754,id,34944,id_1,34946,id_2,СМИ: пилота в Амстердаме оштрафовали за нахождение в пьяном виде,text_1,В Амстердаме оштрафован пилот за употребление алкоголя перед вылетом,text_2,1,class
252,25759,id,34952,id_1,34953,id_2,МИД России: Керри отметил огромный вклад народа СССР в разгром фашизма,text_1,Госсекретарь США подчеркнул огромный вклад СССР в разгром фашизма,text_2,1,class
260,25768,id,34963,id_1,34964,id_2,МЧС России направило в Непал 30 тонн гуманитарной помощи,text_1,Самолет МЧС России доставит в Непал 30 тонн гуманитарной помощи,text_2,1,class
262,25770,id,34967,id_1,34968,id_2,У памятника Воинам Освободителям 9 мая отметили 220 тысяч жителей Риги,text_1,В Риге юбилей Победы отметили более 220 тысяч человек,text_2,1,class
264,25772,id,34971,id_1,34972,id_2,При столкновении автобусов в Мексике 8 человек погибли и 44 пострадали,text_1,Восемь человек погибли и 44 ранены при столкновении автобусов в Мексике,text_2,1,class
268,25776,id,34977,id_1,34978,id_2,В США после пожара на АЭС в реку Гудзон попала нефть,text_1,В США после аварии на АЭС нефтепродукты попали в реку Гудзон,text_2,1,class
273,25781,id,34985,id_1,34986,id_2,Российские спасатели вылетели из Непала в Москву,text_1,Спасатели МЧС России вылетели из Непала в Москву,text_2,1,class
276,25784,id,34988,id_1,34989,id_2,В Японии в результате ДТП госпитализировано более 30 человек,text_1,В Японии более 30 человек госпитализированы после ДТП с автобусом,text_2,1,class
280,25788,id,34990,id_1,34996,id_2,Президент Франции Франсуа Олланд прибыл с официальным визитом на Кубу,text_1,Президент Франции прибыл с официальным визитом на Кубу,text_2,1,class
281,25789,id,34997,id_1,34998,id_2,Военные на севере Ирака отбили атаку ИГ на нефтяное месторождение,text_1,"Иракские военные отбили атаку ""ИГ"" на нефтяное месторождение",text_2,1,class
283,25792,id,35002,id_1,35003,id_2,Источник: глава ЕК предлагает ввести для стран ЕС квоты на иммигрантов,text_1,Глава Еврокомиссии предложил ввести квоты на иммигрантов для стран ЕС,text_2,1,class
286,25796,id,35004,id_1,35008,id_2,"Гражданка России приговорена в Индонезии к 16,5 года тюрьмы",text_1,"Россиянку приговорили в Индонезии к 16,5 года тюрьмы за ввоз наркотиков",text_2,1,class
288,25799,id,35013,id_1,35014,id_2,Мэрия Москвы отказалась увековечить память Немцова,text_1,Московская мэрия отказалась увековечить память Немцова,text_2,1,class
291,25803,id,35006,id_1,35018,id_2,Верховный суд Швеции оставил в силе ордер на арест Ассанжа,text_1,Верховный суд Швеции оставил в силе ордер на арест Джулиана Ассанжа,text_2,1,class
295,25808,id,35025,id_1,35026,id_2,"Пушилин: альтернатива соблюдению ""Минска-2"" - срыв мирного процесса",text_1,"Пушилин: Альтернатива ""Минска-2"" - срыв мирного процесса",text_2,1,class
296,25809,id,35027,id_1,35028,id_2,Русские педагоги оштрафованы в Эстонии за плохое владение госязыком,text_1,В Эстонии учителей русскоязычных школ оштрафовали за плохое знание госязыка,text_2,1,class
297,25810,id,35029,id_1,35030,id_2,"Решение о встрече Путина с Керри в Сочи ещё не принято, сообщил Песков",text_1,Кремль: Решения о встрече Путина с Керри пока нет,text_2,1,class
298,25811,id,35031,id_1,35032,id_2,Двое заключенных погибли при беспорядках в американской тюрьме,text_1,Во время беспорядков в американской тюрьме погибли двое заключенных,text_2,1,class
299,25812,id,35033,id_1,35034,id_2,Земан: растет число стран ЕС - противников антироссийских санкций,text_1,Земан рассказал о росте числа противников антироссийских санкций,text_2,1,class
303,25817,id,35041,id_1,35042,id_2,Грецию пригласили стать членом банка развития БРИКС,text_1,Греции предложили стать членом банка развития БРИКС,text_2,1,class
310,25824,id,35046,id_1,35051,id_2,"Гендиректор ФК ""Спартак"" Асхабадзе покинет клуб по окончании сезона",text_1,"Гендиректор ""Спартака"" уйдет из клуба",text_2,1,class
311,25826,id,35053,id_1,35054,id_2,Комитет ЕП призвал Евросоюз критически переоценить отношения с Россией,text_1,Комитет Европарламента призвал ЕС пересмотреть отношения с Россией,text_2,1,class
319,25836,id,35071,id_1,35072,id_2,"""Указующий человек"" Джакометти стал самой дорогой скульптурой в мире",text_1,"Самой дорогой скульптурой в мире стал ""Указующий человек"" Джакометти",text_2,1,class
321,25838,id,35074,id_1,35075,id_2,"Землетрясение магнитудой 5,3 произошло на севере Индонезии",text_1,"В Индонезии произошло землетрясение магнитудой 5,3",text_2,1,class
335,25853,id,35096,id_1,35097,id_2,"СМИ: власти США солгали о том, как был убит бен Ладен",text_1,"СМИ: США солгали о том, как был ликвидирован бен Ладен",text_2,1,class
344,25864,id,35103,id_1,35104,id_2,"В Непале произошло новое землетрясение магнитудой 7,0",text_1,В Непале зафиксировано новое землетрясение силой 7 баллов,text_2,1,class
352,25872,id,35107,id_1,35110,id_2,"В Непале произошло землетрясение магнитудой 7,4",text_1,"Сейсмологи уточнили магнитуду нового землетрясения в Непале - 7,4",text_2,1,class
360,25882,id,35122,id_1,35120,id_2,По меньшей мере четыре человека стали жертвами землетрясений в Непале,text_1,Четыре человека погибли в результате нового землетрясения в Непале,text_2,1,class
367,25889,id,35130,id_1,35131,id_2,"Песков: никакой роли авторство акции ""Бессмертный полк"" не играет",text_1,"Песков: Авторство ""Бессмертного полка"" не играет никакой роли",text_2,1,class
379,25901,id,35141,id_1,35142,id_2,"Кремль отреагировал на планы Порошенко ""освободить"" донецкий аэропорт",text_1,В Кремле отреагировали на обещание Порошенко вернуть донецкий аэропорт,text_2,1,class
393,25916,id,35159,id_1,35158,id_2,"Состояние боксера Бойцова нормализуется, сообщила его жена",text_1,Жена Бойцова рассказала о стабилизации состояния боксера,text_2,1,class
399,25924,id,35170,id_1,35171,id_2,Не менее 90 человек погибли в столице Йемена в результате авиаударов,text_1,СМИ: 90 человек погибли в Йемене из-за авиаударов,text_2,1,class
417,25945,id,35188,id_1,35189,id_2,Главред RT сообщила о взломе сайта телеканала,text_1,Сайт телеканала RT подвергся хакерской атаке,text_2,1,class
419,25948,id,35193,id_1,35194,id_2,Браки с трансгендерами могут запретить,text_1,Депутаты предложили запретить браки с трансгендерами,text_2,1,class
420,25949,id,35192,id_1,35194,id_2,Законопроект о запрете браков с трансгендерами внесен в Госдуму,text_1,Депутаты предложили запретить браки с трансгендерами,text_2,1,class
425,25955,id,35203,id_1,35204,id_2,Боевые корабли России и КНР отправились на учение в Средиземное море,text_1,Корабли ВМФ России и Китая отправились на учения в Средиземном море,text_2,1,class
432,25962,id,35214,id_1,35215,id_2,МИД РФ: Попытки давить на Россию санкциями - тупиковый путь,text_1,МИД РФ: попытки давить на Россию с помощью санкций - тупиковый путь,text_2,1,class
440,25970,id,35210,id_1,35221,id_2,Минтруд обсудит идею внесения личного взноса на накопительную пенсию,text_1,Минтруд вернулся к идее ввести личный взнос на накопительную пенсию,text_2,1,class
444,25974,id,35226,id_1,35227,id_2,"Путин и Керри обсудили ситуацию на Украине, сообщил Ушаков",text_1,Путин и Керри обсудили ситуацию на Украине,text_2,1,class
450,25980,id,35231,id_1,35229,id_2,Встреча Путина с Лавровым и Керри продлилась около четырех часов,text_1,Встреча Путина с Керри продолжалась четыре часа,text_2,1,class
457,25987,id,35234,id_1,35235,id_2,Путин досрочно прекратил полномочия губернатора Ленинградской области,text_1,Путин досрочно прекратил полномочия губернатора Ленобласти,text_2,1,class
458,25988,id,35236,id_1,35237,id_2,Керри: попытки Киева отбить аэропорт Донецка были бы деструктивны,text_1,Керри назвал деструктивными возможные попытки Киева отбить аэропорт Донецка,text_2,1,class
480,26012,id,35266,id_1,35267,id_2,Белый дом: США и Куба проведут новый раунд переговоров в конце мая,text_1,США и Куба до конца мая проведут новый раунд переговоров,text_2,1,class
483,26015,id,35271,id_1,35272,id_2,"СМИ: Иран начнет войну, если атакуют его судно с гумпомощью для Йемена",text_1,Иран начнет войну в случае атаки на его судно с гумпомощью для Йемена,text_2,1,class
487,26019,id,35275,id_1,35276,id_2,"Билл Клинтон готов вернуться в Белый дом, если жена победит на выборах",text_1,Билл Клинтон вернется в Белый дом в случае победы Хиллари на выборах,text_2,1,class
506,26038,id,35293,id_1,35292,id_2,В результате стрельбы в военном лагере в Сеуле погибли двое,text_1,В результате стрельбы в военном лагере в Сеуле погибли два человека,text_2,1,class
509,26041,id,35294,id_1,35295,id_2,"Банк России отозвал лицензию у екатеринбургского ""Плато-банка""",text_1,ЦБ отозвал лицензию у екатеринбургского «Плато-банка»,text_2,1,class
511,26043,id,35294,id_1,35298,id_2,"Банк России отозвал лицензию у екатеринбургского ""Плато-банка""",text_1,ЦБ отозвал лицензию у екатеринбургского Плато-банка,text_2,1,class
512,26046,id,35302,id_1,35303,id_2,"Квартира, в которой 12 лет жил Федерико Феллини, выставлена на продажу",text_1,В Риме выставили на продажу квартиру Федерико Феллини,text_2,1,class
520,26055,id,35312,id_1,35313,id_2,ЦБ в 2014 году сократил долю доллара в резервах в пользу евро и фунта,text_1,Центробанк сократил долю доллара в резервах в пользу евро и фунта,text_2,1,class
521,26056,id,35314,id_1,35315,id_2,ФБР не видит оснований считать крушение поезда в Филадельфии терактом,text_1,ФБР: Доказательств теракта в поезде в Филадельфии нет,text_2,1,class
534,26071,id,35335,id_1,35336,id_2,В результате взрыва на фабрике под Неаполем погиб человек,text_1,Один человек погиб во время взрыва на фабрике фейерверков в Неаполе,text_2,1,class
545,26084,id,35348,id_1,35349,id_2,Жертвами пожара на обувной фабрике в Маниле стали три человека,text_1,Три человека погибли во время пожара на обувной фабрике в Маниле,text_2,1,class
553,26096,id,35356,id_1,35362,id_2,Доллар упал ниже 49 рублей,text_1,Биржевой курс доллара упал ниже 49 руб.,text_2,1,class
558,26101,id,35366,id_1,35367,id_2,Пожар произошел в одном из цехов машиностроительного завода в Москве,text_1,На северо-западе столицы произошел пожар на машиностроительном заводе,text_2,1,class
560,26103,id,35369,id_1,35370,id_2,ФСИН попросила заменить условное наказание Навальному на пять лет колонии,text_1,ФСИН просит заменить Навальному условный срок 5 годами колонии,text_2,1,class
569,26113,id,35383,id_1,35384,id_2,Украина начала антимонопольное расследование против «Газпрома»,text_1,Украина начала проверку «Газпрома» на нарушение антимонопольного законодательства,text_2,1,class
570,26114,id,35385,id_1,35386,id_2,Суд отказался заменить условный срок Навальному на реальный,text_1,Суд отказался заменить Навальному условный срок заключением в колонии,text_2,1,class
572,26116,id,35388,id_1,35389,id_2,МИД Белоруссии: Заседание подгруппы по Украине ожидается 14 мая,text_1,МИД Белоруссии: экономическая подгруппа по Украине соберется 14 мая,text_2,1,class
576,26121,id,35393,id_1,35394,id_2,"Суд продлил Навальному испытательный срок до 5,5 лет",text_1,"Суд продлил до 5,5 лет испытательный срок Навальному",text_2,1,class
577,26123,id,35397,id_1,35396,id_2,СК опроверг данные о завершении расследования теракта на Дубровке,text_1,СКР опроверг окончание расследования дела о теракте на Дубровке,text_2,1,class
583,26133,id,35414,id_1,35415,id_2,Минфин: решение о создании санатора страховщиков на базе АСВ принято,text_1,На базе АСВ создадут санатор страховых компаний,text_2,1,class
586,26136,id,35419,id_1,35420,id_2,Певица Сара Брайтман отложила полет на МКС по семейным обстоятельствам,text_1,Брайтман отложила свой турполет в космос по семейным обстоятельствам,text_2,1,class
594,26144,id,35428,id_1,35431,id_2,На лечение в Москву доставлены 18 тяжелобольных детей из Донбасса,text_1,В Москву доставили 18 тяжелобольных детей из Донбасса,text_2,1,class
598,26148,id,35434,id_1,35435,id_2,Полиция: дело Бойцова закроют после разговора следователей с боксером,text_1,СМИ: Дело Бойцова будет закрыто после его разговора со следователями,text_2,1,class
612,26166,id,35464,id_1,35465,id_2,Число жертв пожара на обувной фабрике на Филиппинах достигло 35,text_1,В результате пожара на филиппинской обувной фабрике погибли 35 человек,text_2,1,class
620,26176,id,35477,id_1,35476,id_2,Ъ: Греф предложил ограничить число выплат страховки по вкладам,text_1,Греф предложил ограничить число страховых выплат по вкладам,text_2,1,class
635,26193,id,35492,id_1,35494,id_2,Источник: актер РАМТ Степан Морозов покончил с собой,text_1,Актер РАМТ Степан Морозов покончил с собой,text_2,1,class
639,26197,id,35497,id_1,35498,id_2,Сторчак: Россия по-прежнему не намерена реструктурировать долг Украины,text_1,Россия отказалась прощать Украине долги,text_2,1,class
655,26219,id,35527,id_1,35528,id_2,Прокуратура просит отправить в колонию сына чиновника Смольного,text_1,Сыну чиновника Смольного грозит колония за откаты по валидаторам,text_2,1,class
662,26226,id,35537,id_1,35538,id_2,Страны Балтии попросят НАТО о постоянном военном контингенте в регионе,text_1,Польша и балтийские страны попросили разместить у себя контингент НАТО,text_2,1,class
667,26231,id,35542,id_1,35543,id_2,Экс-главу упраздненного ГУМВД по СЗФО обвинили в растрате,text_1,Экс-главе ГУ МВД по СЗФО предъявили обвинение в растрате,text_2,1,class
671,26235,id,35549,id_1,35550,id_2,Флагман ЧФ отправился в Средиземное море на учения с ВМС Китая,text_1,"Крейсер ""Москва"" отправился в Средиземное море на учения с ВМС Китая",text_2,1,class
679,26244,id,35566,id_1,35567,id_2,Боевики ИГ обезглавили 10 человек неподалеку от развалин Пальмиры,text_1,"Боевики ""ИГ"" обезглавили 10 пленников в Сирии",text_2,1,class
682,26251,id,35577,id_1,35574,id_2,СМИ: иранские катера обстреляли танкер в Персидском заливе,text_1,Иранские катера обстреляли танкер в Персидском заливе,text_2,1,class
685,26255,id,35583,id_1,35584,id_2,Десять человек погибли и 19 ранены в ДТП с автобусом в Мексике,text_1,"В Мексике столкнулись автобус и грузовик: 10 погибших, 19 раненых",text_2,1,class
691,26262,id,35595,id_1,35596,id_2,"Спортивный самолет разбился в турецкой Конье, три человека ранены",text_1,Три человека пострадали при крушении спортивного самолета в Турции,text_2,1,class
700,26276,id,35613,id_1,35612,id_2,Маккейн отказался войти в консультативный совет при президенте Украины,text_1,Маккейн отказался войти в совет при Порошенко,text_2,1,class
704,26282,id,35617,id_1,35618,id_2,Кандидат в мэры мексиканского города застрелен на предвыборном митинге,text_1,В Мексике кандидата в мэры застрелили на предвыборном митинге,text_2,1,class
706,26284,id,35621,id_1,35622,id_2,Скончался легенда блюза Би Би Кинг,text_1,Скончался знаменитый музыкант Би Би Кинг,text_2,1,class
716,26294,id,35637,id_1,35638,id_2,Мост между Канадой и США назовут в честь хоккеиста Горди Хоу,text_1,Новый мост между Канадой и США назовут в честь хоккеиста Горди Хоу,text_2,1,class
717,26295,id,35639,id_1,35638,id_2,Новый мост между США и Канадой получит имя легенды НХЛ Горди Хоу,text_1,Новый мост между Канадой и США назовут в честь хоккеиста Горди Хоу,text_2,1,class
719,26297,id,35633,id_1,35640,id_2,Павел Астахов извинился за слова о «сморщенных женщинах»,text_1,Астахов извинился за слова о «сморщенных женщинах»,text_2,1,class
720,26299,id,35643,id_1,35644,id_2,"Джонни Депп срочно покинет Австралию, чтобы спасти своих собак",text_1,Джонни Депп решил увезти своих собак из Австралии после угроз усыпить их,text_2,1,class
723,26302,id,35628,id_1,35649,id_2,Яценюк недоволен встречей Джона Керри с Путиным в Сочи,text_1,Яценюк выразил недовольство встречей Путина и Керри в Сочи,text_2,1,class
725,26305,id,35652,id_1,35653,id_2,Правительство приняло решение об отмене экспортной пошлины на пшеницу,text_1,Правительство отменило экспортную пошлину на пшеницу,text_2,1,class
726,26306,id,35652,id_1,35654,id_2,Правительство приняло решение об отмене экспортной пошлины на пшеницу,text_1,Правительство решило отменить экспортную пошлину на зерно,text_2,1,class
728,26308,id,35657,id_1,35658,id_2,"Минобороны устроит на форуме ""Армия-2015"" распродажу имущества",text_1,Минобороны устроит распродажу имущества на форуме «Армия-2015»,text_2,1,class
730,26310,id,35661,id_1,35662,id_2,"Активист ""Евромайдана"" Костенко получил 4 года и 2 месяца колонии",text_1,Активист «Евромайдана» получил в Крыму 4 года и 2 месяца лишения свободы,text_2,1,class
735,26316,id,35669,id_1,35670,id_2,СМИ: около 30 человек погибли при падении автобуса с обрыва в КНР,text_1,В Китае при падении автобуса в ущелье погибли 30 человек,text_2,1,class
741,26322,id,35680,id_1,35681,id_2,Следствие по делу об убийстве Немцова возглавил новый следователь,text_1,Дело об убийстве Немцова передали новому следователю,text_2,1,class
750,26331,id,35693,id_1,35692,id_2,Дело лидера БОРН Горячева будет рассматриваться с участием присяжных,text_1,Дело лидера БОРН Горячева рассмотрит суд присяжных,text_2,1,class
754,26335,id,35698,id_1,35699,id_2,Защита Васильевой обжаловала приговор,text_1,Защита Евгении Васильевой обжаловала приговор,text_2,1,class
756,26338,id,35702,id_1,35703,id_2,Грузовик въехал в толпу людей на ярмарке в КНР: погибли 4 человека,text_1,В Китае грузовик въехал в толпу людей на ярмарке,text_2,1,class
761,26345,id,35686,id_1,35713,id_2,ФМС: загранпаспорт детям до 14 лет оформят в Москве за день,text_1,В Москве детям начнут оформлять загранпаспорта за один день,text_2,1,class
771,26356,id,35734,id_1,35735,id_2,"Депутат: взрыв у офиса партии ""Свобода"" произошел в Одессе",text_1,"В Одессе возле офиса партии ""Свобода"" произошел взрыв",text_2,1,class
774,26359,id,35738,id_1,35737,id_2,Парламент ДНР принял закон о создании Вооруженных сил,text_1,ДНР приняла закон о создании вооруженных сил,text_2,1,class
775,26361,id,35734,id_1,35739,id_2,"Депутат: взрыв у офиса партии ""Свобода"" произошел в Одессе",text_1,В Одессе около офиса партии «Свобода» прогремел взрыв,text_2,1,class
776,26364,id,35744,id_1,35745,id_2,"Мэр Неаполя, где мужчина убил четырех человек, объявил траур",text_1,В Неаполе объявлен траур по жертвам стрельбы,text_2,1,class
778,26366,id,35743,id_1,35746,id_2,Присяжные в Бостоне приговорили Царнаева к смертной казне,text_1,Присяжные по делу Джохара Царнаева проголосовали за смертный приговор,text_2,1,class
813,26417,id,35809,id_1,35810,id_2,Бывшего президента Египта Мухаммеда Мурси приговорили к смертной казни,text_1,Экс-президента Египта Мурси приговорили к смертной казни,text_2,1,class
828,26443,id,35836,id_1,35837,id_2,Украинцы собираются бойкотировать Facebook,text_1,Украинские пользователи Facebook призвали бойкотировать соцсеть,text_2,1,class
837,26455,id,35856,id_1,35855,id_2,ВИДЕО: Кадыров станцевал лезгинку на свадьбе главы РОВД,text_1,Кадыров станцевал лезгинку на свадьбе полицейского начальника и 17-летней девушки,text_2,1,class
843,26463,id,35867,id_1,35868,id_2,Сборная России разгромила США и вышла в финал чемпионата мира по хоккею,text_1,Россия разгромила США и вышла в финал чемпионата мира по хоккею,text_2,1,class
845,26465,id,35871,id_1,35870,id_2,Русанов: архив братьев Стругацких возвращен из Донецка в Россию,text_1,Рукописи Стругацких возвращены из Донецка,text_2,1,class
847,26469,id,35874,id_1,35878,id_2,Власти: массированный обстрел ведется в районе Донецкого аэропорта,text_1,ДНР: Аэропорт в Донецке попал под массированный обстрел,text_2,1,class
861,26484,id,35903,id_1,35905,id_2,МВД России заявило о начале депортации Полонского из Камбоджи,text_1,МВД РФ заявило о начале депортации бизнесмена Полонского из Камбоджи,text_2,1,class
874,26502,id,35923,id_1,35924,id_2,Суд: Полонский в РФ арестован заочно и после депортации отбудет в СИЗО,text_1,Суд: Полонский в РФ арестован заочно и после депортации отправится в СИЗО,text_2,1,class
878,26506,id,35931,id_1,35932,id_2,Украинские силовики сообщили о гибели трех военных за сутки в Донбассе,text_1,В Донбассе погибли трое украинских военных,text_2,1,class
880,26508,id,35934,id_1,35935,id_2,"Руководитель Роскосмоса возглавил комиссию по аварии ""Протона""",text_1,Глава Роскосмоса возглавил комиссию по расследованию аварии «Протона»,text_2,1,class
896,26524,id,35961,id_1,35962,id_2,«Зенит» сыграл с «Уфой» вничью и досрочно обеспечил себе чемпионское звание,text_1,"ФК ""Зенит"" сыграл вничью с ""Уфой"" и досрочно стал чемпионом России",text_2,1,class
903,26536,id,35976,id_1,35975,id_2,Сборная США по хоккею стала бронзовым призером чемпионата мира-2015,text_1,Сборная США стала бронзовым призером чемпионата мира по хоккею,text_2,1,class
921,26560,id,36010,id_1,36011,id_2,Роспотребнадзор выступил против снятия ограничений рекламы алкоголя,text_1,Роспотребнадзор высказался против снятия ограничений рекламы алкоголя,text_2,1,class
937,26581,id,36040,id_1,36041,id_2,Женщина-бухгалтер разогнала вооруженных преступников в Москве,text_1,Женщина-бухгалтер разогнала группу вооруженных преступников в Москве,text_2,1,class
941,26585,id,36047,id_1,36048,id_2,Медведев: постановление о транзите оружия в Афганистан утратило силу,text_1,Постановление о транзите вооружений в Афганистан через РФ утратило силу,text_2,1,class
950,26594,id,36061,id_1,36062,id_2,"Боевой корабль ВМФ России ""Пытливый"" вышел в Средиземное море",text_1,"Сторожевой корабль ""Пытливый"" отправился в Средиземное море",text_2,1,class
962,26606,id,36081,id_1,36080,id_2,Рогозин: надо ужесточить ответственность за аварии в космической сфере,text_1,Рогозин выступил за ужесточение ответственности за космические аварии,text_2,1,class
979,26626,id,36108,id_1,36111,id_2,"Минобороны подало иск к разработчику ""Протона"" на 1,8 млрд рублей",text_1,"Минобороны подало к разработчику «Протонов» иск на 1,8 млрд руб.",text_2,1,class
983,26630,id,36116,id_1,36117,id_2,Барак Обама завел личный Twitter,text_1,Обама завел аккаунт в Twitter,text_2,1,class
989,26636,id,36126,id_1,36127,id_2,Россельхознадзор: Россия и Иран могут реализовать бартерную сделку,text_1,Россельхознадзор: РФ и Иран могут реализовать бартерную сделку,text_2,1,class
993,26640,id,36133,id_1,36134,id_2,"""Ночные волки"" подадут в суд на власти Польши",text_1,«Ночные волки» решили судиться с польскими властями,text_2,1,class
1010,26660,id,36164,id_1,36165,id_2,Замглавы МВФ: фонд призывает Россию провести реформы экономики,text_1,МВФ призвал Россию провести экономические реформы,text_2,1,class
1012,26662,id,36168,id_1,36169,id_2,Лавров и Могерини обсудили отношения России и Евросоюза,text_1,Сергей Лавров и Федерика Могерини обсудили отношения РФ с ЕС,text_2,1,class
1018,26668,id,36177,id_1,36178,id_2,Автор карикатуры на пророка Мухаммеда решил уйти из Charlie Hebdo,text_1,Автор карикатуры на пророка Мухаммеда уходит из Charlie Hebdo,text_2,1,class
1020,26671,id,36181,id_1,36182,id_2,Боевые корабли России и Китая выполнили ночное учебное маневрирование,text_1,Российские и китайские боевые корабли выполнили ночное маневрирование,text_2,1,class
1032,26686,id,36202,id_1,36203,id_2,Нарышкин: уроки Первой и Второй мировых войн плохо усвоены политиками,text_1,Нарышкин: Многие политики плохо усвоили уроки Второй мировой войны,text_2,1,class
1048,26708,id,36238,id_1,36239,id_2,Бахрейн и Россия подписали договор о военно-техническом сотрудничестве,text_1,Россия и Бахрейн подписали договор о военно-техническом сотрудничестве,text_2,1,class
1049,26709,id,36233,id_1,36240,id_2,Рада дала кабмину Украины право ввести мораторий на выплату долга России,text_1,Рада разрешила правительству Украины забыть о долгах перед Россией,text_2,1,class
1053,26714,id,36249,id_1,36250,id_2,Суд приостановил работу «Макдоналдса» на ВДНХ,text_1,Суд временно закрыл «Макдоналдс» на ВДНХ,text_2,1,class
1057,26719,id,36257,id_1,36258,id_2,Посольство России в Киеве требует встречи с задержанными россиянами,text_1,МИД России потребовал встречи с захваченными под Луганском россиянами,text_2,1,class
1062,26729,id,36270,id_1,36271,id_2,Умер ведущий «Песня года» Евгений Меньшов,text_1,"Скончался ведущий ""Песни года"" Евгений Меньшов",text_2,1,class
1065,26732,id,36271,id_1,36274,id_2,"Скончался ведущий ""Песни года"" Евгений Меньшов",text_1,"Ушел из жизни ведущий ""Песни года"" Евгений Меньшов",text_2,1,class
1080,26749,id,36297,id_1,36298,id_2,Круизный лайнер сел на мель у Бермудских островов,text_1,У Бермуд сел на мель круизный лайнер,text_2,1,class
1093,26764,id,36320,id_1,36322,id_2,Банк России отозвал лицензию у двух московских банков,text_1,ЦБ отозвал лицензии у двух московских банков,text_2,1,class
1100,26771,id,36330,id_1,36331,id_2,"Порошенко считает, что вернуть Донбасс военным методом не получится",text_1,Порошенко признал невозможность вернуть Донбасс военными средствами,text_2,1,class
1110,26781,id,36347,id_1,36348,id_2,Главу Минфина Ингушетии заподозрили в нецелевом расходовании денег,text_1,Министра финансов Ингушетии заподозрили в растрате,text_2,1,class
1135,26809,id,36385,id_1,36386,id_2,Власти Дубая ужесточили правила дресс-кода для туристов,text_1,Власти Дубая ужесточили дресс-код для туристов,text_2,1,class
1168,26878,id,36438,id_1,36439,id_2,СМИ: Ереван и Минск отвергли Рижскую декларацию из-за фразы про Крым,text_1,Ереван и Минск отвергли проект Рижского коммюнике из-за фразы о Крыме,text_2,1,class
1175,26886,id,36447,id_1,36448,id_2,СМИ: карикатуристу Charlie Hebdo запретили въезд в Никарагуа,text_1,Карикатуристу Charlie Hebdo отказали во въезде в Никарагуа,text_2,1,class
1183,26901,id,36458,id_1,36459,id_2,Суд отменил пожизненные сроки членам банды «приморских партизан»,text_1,Членам банды «приморских партизан» отменили пожизненные сроки,text_2,1,class
1191,26914,id,36474,id_1,36475,id_2,Бывшего руководителя РКК «Энергия» отправили под домашний арест,text_1,"Экс-главу РКК ""Энергия"" Лопоту заключили под домашний арест",text_2,1,class
1201,26927,id,36493,id_1,36492,id_2,"Глава СК Бастрыкин за год заработал 7,5 миллиона рублей",text_1,"Бастрыкин в 2014 году заработал 7,5 млн руб.",text_2,1,class
1203,26929,id,36474,id_1,36494,id_2,Бывшего руководителя РКК «Энергия» отправили под домашний арест,text_1,Бывшего президента РКК «Энергия» заключили под домашний арест,text_2,1,class
1204,26930,id,36495,id_1,36494,id_2,"Экс-главу РКК ""Энергия"" заключили под домашний арест",text_1,Бывшего президента РКК «Энергия» заключили под домашний арест,text_2,1,class
1206,26934,id,36498,id_1,36499,id_2,Лавров опроверг данные о содействии освобождению американцев в ДНР,text_1,Лавров опроверг данные о помощи в освобождении задержанных в ДНР американцев,text_2,1,class
1217,26955,id,36514,id_1,36515,id_2,"Активисты ""финансового Майдана"" в Киеве не уходят от здания парламента",text_1,Активисты «финансового Майдана» решили заночевать у здания Верховной рады,text_2,1,class
1220,26958,id,36518,id_1,36519,id_2,Нарышкин: вопрос южных Курил может препятствовать отношениям с Японией,text_1,Нарышкин назвал вопрос Курил раздражителем в отношениях России и Японии,text_2,1,class
1226,26964,id,36525,id_1,36523,id_2,"Шестеро обвиняемых в вымогательстве в ""Матросской тишине"" арестованы",text_1,Арестованы шестеро фигурантов дела о вымогательстве в «Матросской тишине»,text_2,1,class
1227,26965,id,36526,id_1,36527,id_2,Пропавший в Новосибирске актер найден мертвым в Барнауле,text_1,Пропавшего новосибирского актера нашли мертвым в Барнауле,text_2,1,class
1232,26977,id,36535,id_1,36536,id_2,Пентагон признал гибель детей в Сирии при американском авиаударе,text_1,Генерал США признал гибель детей в Сирии при американском авиаударе,text_2,1,class
1233,26978,id,36537,id_1,36538,id_2,Эквадор провел международный день против загрязнения компанией Chevron,text_1,День против загрязнения территории компанией Chevron прошел в Эквадоре,text_2,1,class
1237,26982,id,36540,id_1,36541,id_2,СМИ: брат лидера КНДР замечен на концерте Эрика Клэптона в Лондоне,text_1,Брата Ким Чен Ына увидели на концерте Эрика Клэптона в Лондоне,text_2,1,class
1238,26983,id,36542,id_1,36543,id_2,"Россиянка, арестованная в Таиланде, депортирована на родину",text_1,Арестованная в Таиланде россиянка депортирована на родину,text_2,1,class
1240,26985,id,36546,id_1,36547,id_2,"Глава разведки ФРГ признал ошибки, допущенные при сотрудничестве с США",text_1,Глава разведки Германии признал ошибки в сотрудничестве с США,text_2,1,class
1242,26988,id,36550,id_1,36551,id_2,Поездки японцев на Курилы возобновятся с конца мая,text_1,Поездки жителей Японии на Курилы возобновятся в конце мая,text_2,1,class
1243,26989,id,36552,id_1,36553,id_2,В США арестовали подозреваемого в убийстве семьи строительного магната,text_1,В Вашингтоне арестован подозреваемый в убийстве строительного магната,text_2,1,class
1251,27009,id,36564,id_1,36565,id_2,"Концерн ""Алмаз-Антей"" обжаловал санкции, введенные против компании ЕС",text_1,Концерн «Алмаз-Антей» обжаловал санкции Евросоюза,text_2,1,class
1252,27010,id,36566,id_1,36567,id_2,"Арестованы земли, дом, машина и деньги главы петербургского метро",text_1,В Петербурге арестовали имущество и деньги начальника метро,text_2,1,class
1257,27015,id,36566,id_1,36572,id_2,"Арестованы земли, дом, машина и деньги главы петербургского метро",text_1,СК после обысков арестовал деньги и имущество главы метро Петербурга,text_2,1,class
1259,27017,id,36566,id_1,36573,id_2,"Арестованы земли, дом, машина и деньги главы петербургского метро",text_1,В Петербурге арестовали недвижимость и машины начальника метрополитена,text_2,1,class
1261,27021,id,36565,id_1,36577,id_2,Концерн «Алмаз-Антей» обжаловал санкции Евросоюза,text_1,«Алмаз-Антей» обжаловал введенные Евросоюзом санкции,text_2,1,class
1265,27025,id,36564,id_1,36577,id_2,"Концерн ""Алмаз-Антей"" обжаловал санкции, введенные против компании ЕС",text_1,«Алмаз-Антей» обжаловал введенные Евросоюзом санкции,text_2,1,class
1272,27036,id,36589,id_1,36590,id_2,"Работа комиссии по ""Прогрессу М-27М"" продлена на неопределенный срок",text_1,"Продлена работа комиссии по расследованию причин аварии ""Прогресса""",text_2,1,class
1273,27037,id,36588,id_1,36591,id_2,Минфин подал иск к Владимиру Потанину,text_1,Минфин подал иск к Потанину,text_2,1,class
1275,27042,id,36594,id_1,36595,id_2,Минобороны протянет к военным в Приднестровье «воздушный мост»,text_1,Минобороны пообещало снабжать миротворцев в Приднестровье по воздуху,text_2,1,class
1279,27049,id,36564,id_1,36602,id_2,"Концерн ""Алмаз-Антей"" обжаловал санкции, введенные против компании ЕС",text_1,"""Алмаз-Антей"" обжаловал в суде санкции Евросоюза",text_2,1,class
1289,27062,id,36612,id_1,36613,id_2,Миллиардер Сорос пророчит новую мировую войну,text_1,Джордж Сорос предупредил об опасности новой мировой войны,text_2,1,class
1304,27119,id,36627,id_1,36628,id_2,Депутатам разрешили обходиться без присяги на верность Родине,text_1,ГД не стала вводить обязательную присягу депутатов на верность Родине,text_2,1,class
1327,27151,id,36655,id_1,36656,id_2,Медведев поздравил школьников России с последним звонком,text_1,Дмитрий Медведев поздравил школьников России с последним звонком,text_2,1,class
1331,27162,id,36663,id_1,36664,id_2,США вывели из-под санкций бесплатные интернет-сервисы в Крыму,text_1,США разблокировали для Крыма доступ к бесплатным веб-сервисам,text_2,1,class
1332,27164,id,36665,id_1,36666,id_2,"США помогут Грузии продвигаться к членству в НАТО, заявил Керри",text_1,Керри пообещал помочь Грузии стать членом НАТО,text_2,1,class
1333,27165,id,36667,id_1,36668,id_2,Долгов: отказ США в новом процессе по делу Ярошенко политизирован,text_1,МИД РФ: Отказ от нового рассмотрения дела Ярошенко политизирован,text_2,1,class
1335,27167,id,36671,id_1,36672,id_2,"Госдеп заявил о давлении России на страны ""Восточного партнерства""",text_1,В Госдепартаменте заявили о давлении России на страны «Восточного партнерства»,text_2,1,class
1338,27170,id,36673,id_1,36674,id_2,"Землетрясение магнитудой 6,9 произошло у Соломоновых островов",text_1,"У Соломоновых островов произошло землетрясение магнитудой 6,9",text_2,1,class
1343,27176,id,36684,id_1,36685,id_2,Число погибших в результате оползня в Колумбии достигло 92 человек,text_1,Число жертв оползня в Колумбии превысило 90,text_2,1,class
1344,27182,id,36686,id_1,36687,id_2,"Сингапурец погиб, пытаясь сделать селфи на обрыве скалы в Индонезии",text_1,Сингапурец при попытке сделать селфи сорвался в воду и погиб,text_2,1,class
1345,27183,id,36688,id_1,36689,id_2,Норвегия опередила Россию по газовым поставкам в Западную Европу,text_1,Норвегия опередила Россию по поставкам газа в Западную Европу,text_2,1,class
1348,27189,id,36696,id_1,36697,id_2,Минфин ждет повышения рейтингов России с улучшением прогнозов МВФ,text_1,Минфин: Суверенные рейтинги России повысятся после прогнозов МВФ,text_2,1,class
1349,27190,id,36698,id_1,36699,id_2,"""День тишины"" настал в Польше в канун второго тура выборов президента",text_1,"В Польше начался ""день тишины"" перед президентскими выборами",text_2,1,class
1350,27191,id,36700,id_1,36701,id_2,Из горящей электрички до Луги эвакуировали 1 200 человек,text_1,Под Петербургом из горящей электрички эвакуировали 1200 пассажиров,text_2,1,class
1351,27192,id,36700,id_1,36702,id_2,Из горящей электрички до Луги эвакуировали 1 200 человек,text_1,"Из горящей электрички в Петербурге эвакуировали 1,2 тысячи человек",text_2,1,class
1352,27194,id,36703,id_1,36704,id_2,В Ростуризме предложили создать пакетный тур по Дальнему Востоку,text_1,Ростуризм предложил разработать пакетные туры по Дальнему Востоку,text_2,1,class
1353,27197,id,36705,id_1,36706,id_2,Конференция по ДНЯО завершилась без итогов,text_1,МИД: Конференция по ДНЯО закончилась без итогов,text_2,1,class
1359,27205,id,36715,id_1,36716,id_2,Новак: РФ считает нужным сохранить текущий уровень добычи нефти в мире,text_1,Минэнерго России: Надо сохранить текущий уровень добычи нефти в мире,text_2,1,class
1360,27206,id,36712,id_1,36717,id_2,"Следствие просит арестовать водителя, сбившего байкера в Москве",text_1,"Следствие попросило арестовать водителя, сбившего байкера в Москве",text_2,1,class
1363,27209,id,36720,id_1,36721,id_2,Посольство РФ: Украина препятствует встрече с задержанными россиянами,text_1,Посольство: Киев препятствует встрече дипломатов с задержанными из РФ,text_2,1,class
1368,27217,id,36727,id_1,36728,id_2,"Полина Гагарина выступила в финале ""Евровидения-2015""",text_1,Полина Гагарина выступила в финале «Евровидения»,text_2,1,class
1372,27222,id,36734,id_1,36735,id_2,"Представитель Швеции стал победителем ""Евровидения-2015""",text_1,"Певец из Швеции победил на ""Евровидении-2015""",text_2,1,class
1382,27236,id,36746,id_1,36747,id_2,СМИ: Таиланд потребовал от ВВС США убрать свои самолеты с Пхукета,text_1,Таиланд потребовал от США вывести с острова Пхукет самолеты и военных,text_2,1,class
1387,27241,id,36750,id_1,36751,id_2,Парламентские выборы стартовали в Эфиопии,text_1,Всеобщие парламентские выборы проходят в Эфиопии,text_2,1,class
1393,27250,id,36757,id_1,36758,id_2,"Основатель ""Эха Москвы"" Сергей Корзун покинул радиостанцию",text_1,"Основатель ""Эха Москвы"" Сергей Корзун ушел с радиостанции",text_2,1,class
1397,27254,id,36762,id_1,36763,id_2,Генпрокуратура ЛНР: по факту убийства Мозгового возбуждено дело,text_1,По факту убийства Мозгового в ЛНР возбудили уголовное дело,text_2,1,class
1404,27263,id,36772,id_1,36773,id_2,"Украинские ""Тени"" взяли на себя ответственность за убийство Мозгового",text_1,Убийство Мозгового в Донбассе взяли на себя партизаны группы «Тени»,text_2,1,class
1409,27269,id,36781,id_1,36780,id_2,Боевики ИГ казнили 400 мирных жителей в Пальмире,text_1,Боевики «Исламского государства» казнили в Пальмире 400 мирных жителей,text_2,1,class
1410,27270,id,36779,id_1,36781,id_2,Боевики ИГ казнили 400 человек в городе Пальмира в Сирии,text_1,Боевики ИГ казнили 400 мирных жителей в Пальмире,text_2,1,class
1414,27287,id,36787,id_1,36788,id_2,"В соцсети ""ВКонтакте"" появилась страница патриарха Кирилла",text_1,Патриарх Кирилл зарегистрировался во «ВКонтакте»,text_2,1,class
1417,27292,id,36793,id_1,36794,id_2,Совфед: успех Гагариной - показатель отношения европейцев к России,text_1,Совфед: Успех Гагариной - показатель отношения европейцев к РФ,text_2,1,class
1422,27300,id,36787,id_1,36800,id_2,"В соцсети ""ВКонтакте"" появилась страница патриарха Кирилла",text_1,"Официальная страница патриарха Кирилла появилась ""ВКонтакте""",text_2,1,class
1424,27308,id,36804,id_1,36805,id_2,МВД Малайзии подтвердило обнаружение массовых захоронений мигрантов,text_1,Власти Малайзии подтвердили обнаружение массовых захоронений беженцев,text_2,1,class
1429,27313,id,36812,id_1,36813,id_2,Медведев подписал соглашение о ЗСТ между ЕАЭС и Вьетнамом,text_1,Медведев одобрил соглашение о зоне свободной торговли между ЕАЭС и Вьетнамом,text_2,1,class
1437,27331,id,36824,id_1,36825,id_2,ЕГЭ по географии и литературе прошел без утечек материалов в интернет,text_1,ЕГЭ по географии и литературе прошел без утечек,text_2,1,class
1441,27336,id,36832,id_1,36833,id_2,Путин принял отставку главы Тамбовской области Олега Бетина,text_1,Путин принял отставку тамбовского губернатора,text_2,1,class
1444,27341,id,36837,id_1,36838,id_2,"Губернатору Антверпена угрожают смертью, если он не примет ислам",text_1,Бургомистру Антверпена предложили выбрать между исламом и смертью,text_2,1,class
1445,27342,id,36839,id_1,36840,id_2,"СМИ: немецкий депутат заявил, что ему отказали во въезде в Россию",text_1,Германский депутат пожаловался на отказ во въезде в Россию,text_2,1,class
1451,27350,id,36850,id_1,36851,id_2,РЖД опровергли сообщения о доставке военных грузов в Донбасс,text_1,В РЖД опровергли информацию о доставке военных грузов на восток Украины,text_2,1,class
1452,27351,id,36852,id_1,36853,id_2,Иран ожидает поставок российских ЗРК С-300 в самое ближайшее время,text_1,МИД Ирана: Ожидаем поставок российских С-300 при первой возможности,text_2,1,class
1456,27356,id,36859,id_1,36860,id_2,Пропавший в Новосибирске чемпион мира по каратэ найден мертвым,text_1,В Новосибирске чемпион мира по каратэ найден мертвым,text_2,1,class
1464,27373,id,36871,id_1,36872,id_2,СМИ: Швейцария публикует имена иностранных налоговых уклонистов,text_1,Швейцария начала публиковать имена иностранных налоговых уклонистов,text_2,1,class
1465,27374,id,36873,id_1,36872,id_2,СМИ: Швейцария публикует имена иностранных налоговых уклонистов,text_1,Швейцария начала публиковать имена иностранных налоговых уклонистов,text_2,1,class
1472,27382,id,36886,id_1,36887,id_2,Фонд «Династия» Дмитрия Зимина включен в список «иностранных агентов»,text_1,"Минюст внес в список иностранных агентов НКО фонд ""Династия""",text_2,1,class
1476,27386,id,36892,id_1,36893,id_2,"""Уралвагонзавод"" запросил госгарантии на сумму до 60 миллиардов рублей",text_1,"""Уралвагонзавод"" попросил госгарантии на сумму до 60 млрд рублей",text_2,1,class
1480,27390,id,36898,id_1,36899,id_2,Экс-глава Тамбовской области Бетин назначен замминистра ЖКХ России,text_1,Олег Бетин назначен заместителем министра строительства и ЖКХ,text_2,1,class
1481,27391,id,36900,id_1,36899,id_2,Бетин назначен замминистра строительства и ЖКХ России,text_1,Олег Бетин назначен заместителем министра строительства и ЖКХ,text_2,1,class
1487,27422,id,36912,id_1,36913,id_2,Число погибших в результате торнадо в Мексике увеличилось до 13,text_1,Торнадо на севере Мексики унес жизни 13 человек,text_2,1,class
1494,27435,id,36925,id_1,36926,id_2,С жертвами теракта в Саудовской Аравии простились полмиллиона человек,text_1,Полмиллиона человек простились с жертвами теракта в Саудовской Аравии,text_2,1,class
1496,27437,id,36928,id_1,36929,id_2,При пожаре в китайском доме престарелых погибли 38 человек,text_1,При пожаре в доме престарелых в Китае погибли 38 человек,text_2,1,class
1497,27438,id,36927,id_1,36929,id_2,Почти 40 человек погибли при пожаре в доме престарелых в центре Китая,text_1,При пожаре в доме престарелых в Китае погибли 38 человек,text_2,1,class
1504,27446,id,36938,id_1,36939,id_2,Работники лондонской Национальной галереи начнут 10-дневную забастовку,text_1,Сотрудники лондонской галереи проведут десятидневную забастовку,text_2,1,class
1510,27457,id,36949,id_1,36950,id_2,"Черногория требует извинений от организаторов ""Евровидения - 2015""",text_1,Черногория потребовала извинений у организаторов «Евровидения»,text_2,1,class
1512,27459,id,36953,id_1,36954,id_2,СМИ: туристка из ФРГ ранена в перестрелке между турфирмами в Анталье,text_1,Немецкую туристку ранили в перестрелке между главами турфирм в Анталье,text_2,1,class
1522,27473,id,36963,id_1,36971,id_2,​Россия окончательно отказалась от «Мистралей»,text_1,Россия окончательно отказалась от получения «Мистралей»,text_2,1,class
1525,27477,id,36976,id_1,36977,id_2,Суд наложил арест на имущество экс-губернатора Новосибирской области,text_1,Суд наложил арест на имущество бывшего губернатора Новосибирской области,text_2,1,class
1538,27508,id,37002,id_1,37003,id_2,"ЦБ РФ ограничил действие лицензии ""Россгосстраха"" по ОСАГО",text_1,"Банк России ограничил лицензию ""Росгосстраха"" по ОСАГО",text_2,1,class
1545,27532,id,37011,id_1,37012,id_2,ЦБ запретил «Росгосстраху» продавать полисы ОСАГО,text_1,Банк России запретил «Росгосстраху» заключать договора ОСАГО,text_2,1,class
1548,27546,id,37017,id_1,37018,id_2,Прием в честь выпускников военных вузов проведут в Кремле,text_1,В Кремле пройдет прием в честь выпускников военных вузов,text_2,1,class
1552,27553,id,37022,id_1,37023,id_2,"ВПК: Россия построит для Ирана новые С-300, а не возьмет из наличия",text_1,Иран получит от России новые С-300 прямо с завода,text_2,1,class
1553,27554,id,37024,id_1,37025,id_2,СМИ: палестинские боевики подвергли ракетному обстрелу юг Израиля,text_1,Палестинские боевики нанесли ракетный удар по югу Израиля,text_2,1,class
1560,27563,id,37037,id_1,37038,id_2,Парламент Мадагаскара объявил импичмент действующему президенту,text_1,Мадагаскарский парламент объявил импичмент президенту,text_2,1,class
1566,27569,id,37045,id_1,37046,id_2,СМИ: ИГ выделяет своим боевикам по 500 долларов в случае женитьбы,text_1,"СМИ: Боевики ""ИГ"" получают после свадьбы по 500 долларов",text_2,1,class
1568,27571,id,37048,id_1,37047,id_2,Первый серийный атомный ледокол для Арктики заложат в Петербурге,text_1,В Петербурге заложат первый серийный атомный ледокол проекта 22220,text_2,1,class
1569,27572,id,37000,id_1,37047,id_2,В Петербурге заложат серийный атомный ледокол для Арктики,text_1,В Петербурге заложат первый серийный атомный ледокол проекта 22220,text_2,1,class
1575,27579,id,37061,id_1,37062,id_2,Олимпийский огонь впервые доставили в Грузию,text_1,Олимпийский огонь из Афин впервые доставлен в Грузию,text_2,1,class
1578,27585,id,37067,id_1,37068,id_2,Пятнадцать человек стали жертвами наводнений в США,text_1,Жертвами наводнений в США стали 15 человек,text_2,1,class
1581,27588,id,37073,id_1,37074,id_2,"Боевики, напавшие на дипломатический квартал в Кабуле, ликвидированы",text_1,Напавшие на дипквартал в Кабуле боевики уничтожены,text_2,1,class
1588,27597,id,37032,id_1,37081,id_2,Подписан указ об утверждении Стратегии нацбезопасности Украины,text_1,Порошенко утвердил стратегию нацбезопасности Украины,text_2,1,class
1591,27600,id,37079,id_1,37082,id_2,СМИ: ряд чиновников ФИФА арестован в Цюрихе по обвинению в коррупции,text_1,В Швейцарии по обвинению в коррупции арестовали чиновников FIFA,text_2,1,class
1594,27634,id,37087,id_1,37088,id_2,ВИЧ-инфицированные граждане проводят митинг у кабмина Украины в Киеве,text_1,У кабмина Украины начался митинг ВИЧ-инфицированных,text_2,1,class
1598,27640,id,37094,id_1,37095,id_2,В Москве повар детсада содержал наркопритон,text_1,В Москве больной гепатитом повар детсада содержал наркопритон,text_2,1,class
1601,27643,id,37100,id_1,37098,id_2,Доллар тестирует уровень в 51 рубль впервые за две недели,text_1,Биржевой курс доллара поднялся выше 51 руб. впервые за две недели,text_2,1,class
1608,27652,id,37096,id_1,37112,id_2,СМИ: Кира Найтли родила первенца,text_1,СМИ: Актриса Кира Найтли родила первенца,text_2,1,class
1613,27679,id,37011,id_1,37119,id_2,ЦБ запретил «Росгосстраху» продавать полисы ОСАГО,text_1,В ЦБ назвали нелегитимной продажу «Росгосстрахом» новых полисов ОСАГО,text_2,1,class
1623,27712,id,37136,id_1,37137,id_2,ИГ казнило в Пальмире 20 человек на руинах древнеримского театра,text_1,Боевики ИГ на глазах у зрителей казнили 20 человек в римском театре в Пальмире,text_2,1,class
1631,27726,id,37147,id_1,37148,id_2,Блаттер: ФИФА приветствует расследование в отношении организации,text_1,Блаттер приветствовал антикоррупционное расследование в ФИФА,text_2,1,class
1634,27732,id,37150,id_1,37151,id_2,"РКК ""Энергия"" запатентовала укороченную схему полета кораблей РФ к МКС",text_1,"РКК ""Энергия"" запатентовала укороченную схему полета кораблей к МКС",text_2,1,class
1635,27733,id,37152,id_1,37153,id_2,Москва призвала МИД Украины воздержаться от информационных вбросов,text_1,МИД России призвал Киев воздерживаться от информационных вбросов,text_2,1,class
1636,27734,id,37154,id_1,37153,id_2,Москва призывает МИД Украины воздерживаться от информационных вбросов,text_1,МИД России призвал Киев воздерживаться от информационных вбросов,text_2,1,class
1651,27751,id,37146,id_1,37170,id_2,Марадону обрадовали сообщения об аресте чиновников ФИФА,text_1,Марадона позлорадствовал в адрес арестованных чиновников ФИФА,text_2,1,class
1653,27753,id,37171,id_1,37170,id_2,"Марадона заявил, что наслаждался, наблюдая за арестами чиновников ФИФА",text_1,Марадона позлорадствовал в адрес арестованных чиновников ФИФА,text_2,1,class
1654,27754,id,37172,id_1,37173,id_2,Прокуратура потребовала семь лет тюрьмы для друга Царнаева,text_1,Друга Царнаева прокуроры попросили осудить на 7 лет тюрьмы,text_2,1,class
1658,27762,id,37177,id_1,37178,id_2,Рик Санторум стал еще одним кандидатом-республиканцем в президенты США,text_1,Рик Санторум решил баллотироваться на пост президента США,text_2,1,class
1660,27768,id,37183,id_1,37184,id_2,Би-би-си: за год у власти Порошенко стал богаче в семь раз,text_1,BBC: За год у власти Порошенко стал богаче в семь раз,text_2,1,class
1661,27769,id,37145,id_1,37185,id_2,"Антиправительственные акции прошли Лондоне, задержаны три человека",text_1,Полиция задержала трех человек на антиправительственной акции в Лондоне,text_2,1,class
1669,27780,id,37194,id_1,37193,id_2,В американском штате Небраска отменили смертную казнь,text_1,В Небраске отменили смертную казнь,text_2,1,class
1674,27791,id,37204,id_1,37205,id_2,Путин засекретил сведения о потерях военных на спецоперациях в мирное время,text_1,Путин засекретил данные о погибших военных в мирное время,text_2,1,class
1675,27792,id,37206,id_1,37207,id_2,ФСКН: США стали локомотивом ползучей легализации наркотиков в мире,text_1,ФСКН: США стали локомотивом ползучей легализации наркотиков,text_2,1,class
1683,27801,id,37210,id_1,37213,id_2,"Путин: странно, что аресты чиновников ФИФА произведены по запросу США",text_1,Путин прокомментировал роль США в арестах чиновников ФИФА,text_2,1,class
1690,27832,id,37221,id_1,37222,id_2,Минюст потребовал оштрафовать фонд «Династия»,text_1,"Минюст потребовал наказать фонд ""Династия"" по КоАП",text_2,1,class
1695,27845,id,37221,id_1,37231,id_2,Минюст потребовал оштрафовать фонд «Династия»,text_1,Минюст потребовал наказать «Династию»,text_2,1,class
1698,27855,id,37236,id_1,37237,id_2,МЧС: причиной пожара в Новодевичьем мог быть небесный фонарик,text_1,Пожар в Новодевичьем монастыре мог возникнуть из-за небесного фонарика,text_2,1,class
1708,27897,id,37256,id_1,37257,id_2,ЕС продлил на год санкции против руководства Сирии и его приближенных,text_1,ЕС продлил на год санкции против Башара Асада и его окружения,text_2,1,class
1711,27901,id,37262,id_1,37261,id_2,СК России завел дело после обстрела донецкой Горловки силовиками,text_1,СК РФ возбудил дело по факту обстрела Горловки,text_2,1,class
1712,27902,id,37263,id_1,37264,id_2,"Минздрав выступает против возвращения ""курилок"" в аэропорты",text_1,Минздрав выступил против возвращения курилок в аэропорты,text_2,1,class
1715,27907,id,37267,id_1,37268,id_2,"""Газпром"" выставит ""Нафтогазу"" счет за недобор газа в $8,2 млрд",text_1,«Газпром» потребует от Украины более $8 млрд за недобор газа,text_2,1,class
1718,27921,id,37273,id_1,37274,id_2,Путин встречается в Москве с экс-президентом Франции Жискар Д'Эстеном,text_1,Путин встретился с экс-президентом Франции Валери Жискар д`Эстеном,text_2,1,class
1720,27923,id,37277,id_1,37274,id_2,Путин встретится с экс-президентом Франции Жискар д'Эстеном,text_1,Путин встретился с экс-президентом Франции Валери Жискар д`Эстеном,text_2,1,class
1722,27932,id,37281,id_1,37282,id_2,Президент Украины подписал закон о моратории на выплату внешних долгов,text_1,Порошенко подписал закон о моратории на выплату долгов Украины,text_2,1,class
1727,27946,id,37289,id_1,37290,id_2,Ткачев: урожай зерновых в РФ в 2015 году составит минимум 100 млн тонн,text_1,Ткачев пообещал собрать 100 миллионов тонн зерна,text_2,1,class
1734,27955,id,37281,id_1,37300,id_2,Президент Украины подписал закон о моратории на выплату внешних долгов,text_1,Порошенко подписал закон о моратории на выплату внешних долгов,text_2,1,class
1735,27956,id,37298,id_1,37301,id_2,В Кремле поблагодарили пограничников ДФО за сохранение редких животных,text_1,В Кремле дальневосточных пограничников поблагодарили за охрану тигров,text_2,1,class
1741,27963,id,37303,id_1,37310,id_2,"Указ Путина о гостайне не связан с Украиной, заявил Песков",text_1,Кремль: Указ о гостайне не связан с Украиной,text_2,1,class
1758,28075,id,37338,id_1,37232,id_2,Нетрезвый байкер пробил стекло и въехал в здание аэропорта в Екатеринбурге,text_1,СМИ: пьяный байкер ворвался на мотоцикле в аэропорт Екатеринбурга,text_2,1,class
1776,28093,id,37363,id_1,37364,id_2,"Силы самообороны Японии направлены на остров, где извергается вулкан",text_1,Силы самообороны Японии направились к месту извержения вулкана,text_2,1,class
1786,28110,id,37355,id_1,37379,id_2,"Взрыв у магазина ""Рошен"" в Киеве посчитали хулиганством",text_1,Взрыв в киевском магазине Roshen признали хулиганством,text_2,1,class
1789,28113,id,37381,id_1,37379,id_2,СМИ: киевская милиция считает взрыв в магазине Roshen хулиганством,text_1,Взрыв в киевском магазине Roshen признали хулиганством,text_2,1,class
1792,28131,id,37384,id_1,37383,id_2,СМИ: принадлежавшее Майклу Джексону ранчо продается за $100 миллионов,text_1,Ранчо Майкла Джексона выставили на продажу за 100 миллионов долларов,text_2,1,class
1793,28132,id,37385,id_1,37386,id_2,Депутат ГД предложил запретить дегустации алкоголя в торговых сетях,text_1,В Госдуме предложили запретить дегустацию алкоголя в магазинах,text_2,1,class
1794,28134,id,37387,id_1,37388,id_2,Минобороны: НАТО в Атлантике отработает перехват российских ракет,text_1,Антонов: НАТО на учениях будет отрабатывать перехват российских ракет,text_2,1,class
1795,28135,id,37349,id_1,37389,id_2,Чалый назвал выдачу земли «Ночным волкам» «нарушение здравого смысла»,text_1,Чалый усомнился в адекватности решения о передаче «Ночным волкам» земли в Крыму,text_2,1,class
1809,28165,id,37412,id_1,37413,id_2,Греф остался президентом Сбербанка,text_1,Греф переизбран главой Сбербанка на третий срок,text_2,1,class
1810,28166,id,37414,id_1,37415,id_2,"Источник: Франция ставит перед РФ неприемлемые условия по ""Мистралям""",text_1,На переговорах о «Мистралях» Франция выдвинула «неприемлемые условия»,text_2,1,class
1816,28172,id,37423,id_1,37424,id_2,ЛГБТ-активисты потребовали взыскать с Милонова два миллиона,text_1,ЛГБТ-активисты через суд потребовали с Милонова два миллиона рублей,text_2,1,class
1821,28197,id,37436,id_1,37433,id_2,Лавров: арестованные на Украине россияне чувствуют себя хорошо,text_1,МИД РФ: Задержанные на Украине россияне чувствуют себя хорошо,text_2,1,class
1822,28203,id,37439,id_1,37440,id_2,Власти России решили облегчить миграционный режим для граждан Киргизии,text_1,Правительство России одобрило облегчение миграционного режима с Киргизией,text_2,1,class
1823,28204,id,37441,id_1,37440,id_2,Правительство России облегчило миграционный режим для граждан Киргизии,text_1,Правительство России одобрило облегчение миграционного режима с Киргизией,text_2,1,class
1824,28205,id,37442,id_1,37443,id_2,США исключили Кубу из списка стран-спонсоров терроризма,text_1,США исключили Кубу из списка спонсоров терроризма,text_2,1,class
1839,28224,id,37462,id_1,37463,id_2,"Коломойский назвал главу Минэкономразвития Украины ""обезьяной""",text_1,Коломойский назвал «обезьяной» министра экономики Украины,text_2,1,class
1841,28227,id,37461,id_1,37465,id_2,Президент ФИФА Блаттер переизбран на пятый срок,text_1,Блаттер избран президентом ФИФА на пятый срок,text_2,1,class
1853,28260,id,37472,id_1,37473,id_2,Гроза задержала самолеты в московских аэропортах,text_1,Из-за грозы в аэропортах Москвы задержаны десятки рейсов,text_2,1,class
1865,28328,id,37442,id_1,37495,id_2,США исключили Кубу из списка стран-спонсоров терроризма,text_1,США исключили Кубу из списка государств-спонсоров терроризма,text_2,1,class
1866,28329,id,37496,id_1,37495,id_2,"США исключили Кубу из списка государств, спонсирующих терроризм",text_1,США исключили Кубу из списка государств-спонсоров терроризма,text_2,1,class
1867,28330,id,37497,id_1,37498,id_2,СМИ: налоговая служба США готовит новые обвинения по делу ФИФА,text_1,Налоговая служба США пообещала новые обвинения по делу о коррупции в ФИФА,text_2,1,class
1890,28431,id,37540,id_1,37541,id_2,Около 20 стран будут участвовать в армейских играх в России в августе,text_1,В армейских играх в России примут участие около 20 стран,text_2,1,class
1896,28443,id,37485,id_1,37552,id_2,Порошенко назначил Саакашвили губернатором Одесской области,text_1,Порошенко объявил о назначении Саакашвили одесским губернатором,text_2,1,class
1897,28445,id,37554,id_1,37552,id_2,Порошенко назначил Саакашвили главой Одесской области,text_1,Порошенко объявил о назначении Саакашвили одесским губернатором,text_2,1,class
1901,28452,id,37561,id_1,37562,id_2,СК: ошибка пилота могла стать причиной падения самолета на Ставрополье,text_1,СК: На Ставрополье самолет мог упасть из-за ошибки пилота,text_2,1,class
1905,28458,id,37517,id_1,37570,id_2,"СМИ: Россия передала ЕС свой санкционный ""черный список""",text_1,МИД России передал в представительство ЕС список персон нон грата,text_2,1,class
1908,28462,id,37573,id_1,37572,id_2,Медведев о назначении Саакашвили: шапито-шоу продолжается,text_1,Медведев назвал назвачение Саакашвили одесским губернатором шапито-шоу,text_2,1,class
1911,28468,id,37578,id_1,37579,id_2,Трое зрителей погибли во время авторалли в Эстонии,text_1,Трое зрителей погибли в ходе авторалли в Эстонии,text_2,1,class
1912,28472,id,37585,id_1,37586,id_2,"Аракчи: очередная встреча ""шестерки"" и Ирана состоится в Вене 4 июня",text_1,"Новые переговоры Ирана и ""шестерки"" состоятся в Вене 4 июня",text_2,1,class
1913,28473,id,37587,id_1,37588,id_2,Источник в МИД: Россия ввела визовые ограничения в ответ на санкции,text_1,Визовые ограничения со стороны России стали ответом Москвы на санкции ЕС,text_2,1,class
1915,28479,id,37584,id_1,37593,id_2,Саркози раскритиковал Олланда за отказ от посещения Парада Победы,text_1,Саркози осудил отказ Олланда приехать в Москву на День Победы,text_2,1,class
1916,28481,id,37594,id_1,37595,id_2,Почти 30 человек стали жертвами взрыва в мечети в Нигерии,text_1,Не менее 26 человек погибли в результате теракта в мечети в Нигерии,text_2,1,class
1918,28483,id,37596,id_1,37597,id_2,Пушков: Саакашвили в Грузии мог бы возглавить колонну заключенных,text_1,Пушков заявил о способности Саакашвили возглавить только колонну заключенных,text_2,1,class
1919,28485,id,37600,id_1,37601,id_2,Девять человек пострадали при пожаре в жилом доме в Петербурге,text_1,При пожаре в жилом доме в центре Санкт-Петербурга пострадали 9 человек,text_2,1,class
